﻿pos_x,pos_y,rotation,side,designator,mpn,pack,footprint,value,mount_type
55.0,-44.5,-90.0,top,50-60Hz,,,TerminalBlock_MetzConnect_360272_1x01_Horizontal_ScrewM2.6,50/60Hz,tht
50.5,-19.5,0.0,top,C1,,,C_Disc_D4.7mm_W2.5mm_P5.00mm,6.8pF,tht
50.5,-23.5,0.0,top,C2,,,C_Disc_D4.7mm_W2.5mm_P5.00mm,6.8pF,tht
29.81,-29.0,-90.0,top,C3,,,C_Disc_D4.7mm_W2.5mm_P5.00mm,100nF,tht
29.81,-41.0,-90.0,top,C4,,,C_Disc_D4.7mm_W2.5mm_P5.00mm,100nF,tht
23.81,-30.96,-90.0,top,J1,,,TerminalBlock_bornier-2_P5.08mm,Power,tht
35.12,-23.5,180.0,top,R1,,,R_Axial_DIN0207_L6.3mm_D2.5mm_P7.62mm_Horizontal,10M,tht
27.5,-19.5,0.0,top,R2,,,R_Axial_DIN0207_L6.3mm_D2.5mm_P7.62mm_Horizontal,100K,tht
33.41,-34.8,90.0,top,U1,,,DIP-16_W7.62mm_Socket,74HCT4060,tht
33.41,-47.3,90.0,top,U2,,,DIP-14_W7.62mm_Socket,74HCT73,tht
45.26,-21.5,180.0,top,X1,,,Crystal_HC49-4H_Vertical,3.93216 MHz,tht
