﻿Designator,Quantity,Value,Footprint,Package,MPN,DNP,Mount_Type
50-60Hz,1,50/60Hz,TerminalBlock_MetzConnect_360272_1x01_Horizontal_ScrewM2.6,,,,tht
"C1, C2",2,6.8pF,C_Disc_D4.7mm_W2.5mm_P5.00mm,,,,tht
"C3, C4",2,100nF,C_Disc_D4.7mm_W2.5mm_P5.00mm,,,,tht
J1,1,Power,TerminalBlock_bornier-2_P5.08mm,,,,tht
R1,1,10M,R_Axial_DIN0207_L6.3mm_D2.5mm_P7.62mm_Horizontal,,,,tht
R2,1,100K,R_Axial_DIN0207_L6.3mm_D2.5mm_P7.62mm_Horizontal,,,,tht
U1,1,74HCT4060,DIP-16_W7.62mm_Socket,,,,tht
U2,1,74HCT73,DIP-14_W7.62mm_Socket,,,,tht
X1,1,3.93216 MHz,Crystal_HC49-4H_Vertical,,,,tht
